issue,date,d1,d2,d3,d4,d5,d6,d7
2026001,2026-01-01,6,4,5,1,2,8,4
2026002,2026-01-02,4,2,1,9,2,4,1
2026003,2026-01-04,3,2,7,9,6,2,6
2026004,2026-01-06,6,1,0,6,3,3,2
2026005,2026-01-08,9,7,9,1,3,3,4
2026006,2026-01-09,8,0,3,5,8,5,1
2026007,2026-01-11,5,2,1,9,8,4,5
2026008,2026-01-13,0,7,7,8,0,0,9
2026009,2026-01-15,0,0,6,8,6,3,1
2026010,2026-01-16,7,2,6,7,3,6,9
2026011,2026-01-18,7,2,7,3,8,6,0
2026012,2026-01-20,6,7,9,0,3,9,0
2026013,2026-01-22,0,6,3,9,9,3,6
2026014,2026-01-23,0,0,3,7,0,8,5
2026015,2026-01-25,7,7,6,3,8,6,8
2026016,2026-01-27,3,6,3,2,3,8,4
2026017,2026-01-29,4,0,8,2,5,2,6
2026018,2026-01-30,9,9,3,3,7,4,1
2026019,2026-02-01,7,0,7,7,6,7,5
2026020,2026-02-03,8,9,8,5,3,8,9
2026021,2026-02-05,5,0,3,5,3,7,4
2026022,2026-02-06,9,7,6,8,8,8,6
2026023,2026-02-08,0,9,9,1,6,0,3
2026024,2026-02-10,1,5,6,6,0,4,4
2026025,2026-02-12,2,1,7,5,5,5,1
2026026,2026-02-13,5,8,4,4,2,7,9
2026027,2026-02-24,7,8,1,2,7,7,8
2026028,2026-02-26,3,0,1,0,5,1,2
2026029,2026-02-27,8,0,5,5,2,2,1
2026030,2026-03-01,8,1,1,6,7,8,2
2026031,2026-03-03,6,3,3,5,6,8,1
2026032,2026-03-05,5,5,5,5,9,2,5
2026033,2026-03-06,3,1,2,3,8,7,2
2026034,2026-03-08,8,1,9,0,7,9,4
2026035,2026-03-10,7,2,8,2,6,4,7
2026036,2026-03-12,9,3,8,5,4,9,4
2026037,2026-03-13,9,7,5,7,4,0,8
2026038,2026-03-15,4,5,4,7,1,2,3
2026039,2026-03-17,1,6,3,9,8,4,4
2026040,2026-03-19,8,0,6,8,0,9,2
2026041,2026-03-20,8,5,9,9,4,5,7
2026042,2026-03-22,8,6,5,6,4,0,6
2026043,2026-03-24,0,5,3,6,7,2,8
2026044,2026-03-26,8,2,6,9,7,3,0
2026045,2026-03-27,8,9,2,1,0,1,7
2026046,2026-03-29,1,6,7,5,4,7,6
2026047,2026-03-31,2,3,4,1,8,0,7
2026048,2026-04-02,8,0,8,1,8,0,1
2026049,2026-04-03,7,7,6,6,6,5,9
2026050,2026-04-05,1,9,8,3,6,4,2
2026051,2026-04-07,0,1,1,9,1,6,0
2026052,2026-04-09,9,1,8,8,6,9,5
2026053,2026-04-10,3,7,7,7,1,2,7
2026054,2026-04-12,0,0,6,5,5,3,6
2026055,2026-04-14,6,5,2,9,6,2,2
2026056,2026-04-16,3,1,2,4,2,9,3
2026057,2026-04-17,0,9,2,1,2,6,3
2026058,2026-04-19,1,7,0,9,8,7,2
2026059,2026-04-21,3,0,4,7,8,2,9
2026060,2026-04-23,1,7,8,7,3,5,5
2026061,2026-04-24,7,7,1,7,0,7,9
2026062,2026-04-26,0,9,5,8,4,1,1
2026063,2026-04-28,7,6,4,3,0,4,5
2026064,2026-04-30,1,3,7,9,9,1,1
2026065,2026-05-01,3,5,7,5,1,8,7
2026066,2026-05-03,6,0,3,2,4,0,7
2026067,2026-05-05,1,2,7,5,0,3,2
2026068,2026-05-07,5,6,9,4,4,5,8
2026069,2026-05-08,0,6,0,5,1,8,6
2026070,2026-05-10,9,0,5,1,9,7,9
2026071,2026-05-12,2,6,7,5,6,9,9
2026072,2026-05-14,8,4,4,1,3,3,5
2026073,2026-05-15,5,2,8,9,2,3,0
2026074,2026-05-17,9,6,2,2,2,4,0
2026075,2026-05-19,8,1,0,5,5,0,0
2026076,2026-05-21,5,6,9,9,5,4,7
2026077,2026-05-22,1,8,0,2,5,1,5
2026078,2026-05-24,1,9,5,8,6,7,7
2026079,2026-05-26,4,8,7,2,4,3,3
2026080,2026-05-28,4,4,3,7,7,4,0
2026081,2026-05-29,1,8,8,6,7,8,6
2026082,2026-05-31,3,2,8,7,4,7,3
2026083,2026-06-02,4,4,5,4,4,6,7
2026084,2026-06-04,3,2,3,4,6,5,1
2026085,2026-06-05,0,8,4,2,6,3,3
2026086,2026-06-07,0,3,7,6,9,3,6
2026087,2026-06-09,8,2,4,8,5,0,9
2026088,2026-06-11,6,0,6,5,6,7,9
2026089,2026-06-12,2,3,5,2,2,0,6
2026090,2026-06-14,2,8,4,0,6,3,0
2026091,2026-06-16,9,3,6,1,7,8,4
2026092,2026-06-18,7,2,8,1,3,5,0
2026093,2026-06-19,6,3,9,3,1,7,0
2026094,2026-06-21,6,6,4,8,6,5,1
2026095,2026-06-23,9,6,7,0,4,1,8
2026096,2026-06-25,1,3,2,9,4,2,7
2026097,2026-06-26,7,3,6,6,8,5,0
2026098,2026-06-28,9,2,7,5,0,3,5
2026099,2026-06-30,3,6,3,1,1,0,4
2026100,2026-07-02,8,6,8,3,9,4,7
2026101,2026-07-03,3,4,2,7,5,6,9
2026102,2026-07-05,5,5,5,0,3,6,3
2026103,2026-07-07,9,2,6,5,8,3,3
2026104,2026-07-09,1,6,8,7,1,3,1
2026105,2026-07-10,5,3,4,1,7,6,9
2026106,2026-07-12,8,2,3,9,1,0,8
2026107,2026-07-14,1,8,6,7,3,7,0
2026108,2026-07-16,5,3,6,1,6,3,2
2026109,2026-07-17,4,5,9,6,3,6,1
2026110,2026-07-19,2,0,3,8,2,9,9
2026111,2026-07-21,3,7,4,0,3,9,3
2026112,2026-07-23,4,1,6,6,6,2,4
2026113,2026-07-24,1,6,5,7,2,4,5
2026114,2026-07-26,9,5,5,8,4,4,3
2026115,2026-07-28,6,6,4,0,3,7,6
2026116,2026-07-30,5,4,6,6,8,5,3
2026117,2026-07-31,4,0,9,2,0,6,5
2026118,2026-08-02,4,3,8,2,8,4,9
2026119,2026-08-04,7,7,9,5,0,6,4
2026120,2026-08-06,6,7,7,8,0,1,4
2026121,2026-08-07,1,4,8,6,9,1,3
2026122,2026-08-09,1,0,1,4,8,6,3
2026123,2026-08-11,5,9,1,2,9,9,7
2026124,2026-08-13,5,9,2,1,0,7,0
2026125,2026-08-14,3,0,4,4,1,7,6
2026126,2026-08-16,3,1,9,1,3,3,9
2026127,2026-08-18,8,5,8,1,8,6,7
2026128,2026-08-20,3,8,8,5,9,2,7
2026129,2026-08-21,5,4,4,4,6,7,7
2026130,2026-08-23,7,4,1,4,4,1,8
2026131,2026-08-25,7,5,8,7,9,3,7
2026132,2026-08-27,0,7,6,1,6,3,4
2026133,2026-08-28,4,5,0,1,5,9,9
2026134,2026-08-30,1,7,4,5,6,6,3
2026135,2026-09-01,3,1,3,5,5,8,3
2026136,2026-09-03,1,7,8,4,9,3,4
2026137,2026-09-04,2,0,7,9,0,0,1
2026138,2026-09-06,0,3,1,1,7,9,2
2026139,2026-09-08,2,3,6,2,8,5,4
2026140,2026-09-10,6,7,3,7,2,2,8
2026141,2026-09-11,5,0,8,2,7,4,5
2026142,2026-09-13,2,3,0,5,0,2,5
2026143,2026-09-15,2,3,8,1,8,0,5
2026144,2026-09-17,6,5,7,4,4,9,0
2026145,2026-09-18,1,4,2,5,7,2,1
2026146,2026-09-20,3,6,4,2,8,5,3
2026147,2026-09-22,1,8,2,7,1,1,7
2026148,2026-09-24,9,4,0,2,5,4,5
2026149,2026-09-25,6,4,9,9,5,2,3
2026150,2026-09-27,7,3,2,0,7,2,9
2026151,2026-09-29,1,1,7,0,9,5,7
